clade	gene	site	alt
K	nuc	2663	G
K	nuc	3905	T
K	nuc	4964	A
K	nuc	6707	C
K	nuc	8603	T
I	nuc	5678	A
I	nuc	8529	G
I	nuc	9663	A
I	nuc	12437	T
I	nuc	19633	T
I	nuc	24606	G
F	nuc	14293	C
F	nuc	27556	C
C	nuc	23746	T
C	nuc	25156	A
C	nuc	25329	A
C	nuc	25422	C
J	nuc	25454	C
J	nuc	27260	C
J	nuc	29425	T
B	nuc	19051	C
B	nuc	19372	T
H	nuc	7451	C
H	nuc	27946	A
E	nuc	3223	T
E	nuc	3440	C
E	nuc	5310	G
E	nuc	5336	C
E	nuc	9128	G
E	nuc	13768	C
E	nuc	17029	C
E	nuc	18487	C
E	nuc	20566	T
E	nuc	29731	T
E	nuc	30315	T
E	nuc	30431	C
A	nuc	22545	G
A	nuc	22850	C
A	nuc	23092	T
A	nuc	23386	G
A	nuc	23739	G
A	nuc	23893	T
A	nuc	23979	A
A	nuc	23989	A
A	nuc	23994	C
A	nuc	24179	C
A	nuc	24412	A
A	nuc	24512	C
A	nuc	24633	A
A	nuc	24683	A